{"cameraMode":{"drawMode":0,"name":"Shaded","section":"Shading Mode"},"sceneLighting":true,"audioPlay":false,"sceneViewState":{"m_AlwaysRefresh":false,"showFog":true,"showSkybox":true,"showFlares":true,"showImageEffects":true,"showParticleSystems":true,"showVisualEffectGraphs":true,"m_FxEnabled":true},"in2DMode":false,"pivot":{"x":447.5826721191406,"y":188.2320098876953,"z":21.46026611328125},"rotation":{"x":-0.02849586121737957,"y":0.0044980901293456558,"z":0.00012823175347875804,"w":0.9995840787887573},"size":265.3365173339844,"orthographic":false}